activity_id,sid,course_id,course_name,test_type,score,timestamp,academic_year,semester,week
019e3117-c9b4-77e1-a484-7ab18d1a83d5,019e3117-c810-7ff8-9cb7-24213d45cfa7,CS101,Programming Fundamentals,Quiz,32.0,2026-02-02T00:00:00+00:00,2026,1,5
019e3117-c9b5-7a2e-9e99-a5baaac71580,019e3117-c810-7ff8-9cb7-24213d45cfa7,MATH201,Advanced Calculus,Quiz,83.0,2026-02-02T00:00:00+00:00,2026,1,5
019e3117-c9b6-7a58-af33-1bac9d16fffd,019e3117-c810-7ff8-9cb7-24213d45cfa7,ENG102,Western Literature,Quiz,87.0,2026-02-02T00:00:00+00:00,2026,1,5
019e3117-c9b7-7a44-8e0a-0471b2c4a57a,019e3117-c810-7ff8-9cb7-24213d45cfa7,PSYC101,Intro to Psychology,Quiz,94.0,2026-02-02T00:00:00+00:00,2026,1,5
019e3117-c9b8-743b-96cb-a1457ef16516,019e3117-c811-772f-b0cc-a059f54a9405,CS101,Programming Fundamentals,Quiz,32.0,2026-02-02T00:00:00+00:00,2026,1,5
019e3117-c9b9-74fe-ad2e-648394abcfc2,019e3117-c811-772f-b0cc-a059f54a9405,MATH201,Advanced Calculus,Quiz,23.0,2026-02-02T00:00:00+00:00,2026,1,5
019e3117-c9ba-7ed3-b513-b816a69b22c5,019e3117-c811-772f-b0cc-a059f54a9405,ENG102,Western Literature,Quiz,19.0,2026-02-02T00:00:00+00:00,2026,1,5
019e3117-c9bb-721d-9f7f-140dcde7ae09,019e3117-c811-772f-b0cc-a059f54a9405,PSYC101,Intro to Psychology,Quiz,91.0,2026-02-02T00:00:00+00:00,2026,1,5
019e3117-c9bc-7905-9925-fefdddfbce41,019e3117-c812-7bbc-85df-495b0b14aad6,CS101,Programming Fundamentals,Quiz,28.0,2026-02-02T00:00:00+00:00,2026,1,5
019e3117-c9bd-78bc-aa87-cd7c577bd24b,019e3117-c812-7bbc-85df-495b0b14aad6,MATH201,Advanced Calculus,Quiz,94.0,2026-02-02T00:00:00+00:00,2026,1,5
019e3117-c9be-71d5-a7b4-ff7c5ca281c9,019e3117-c812-7bbc-85df-495b0b14aad6,ENG102,Western Literature,Quiz,94.0,2026-02-02T00:00:00+00:00,2026,1,5
019e3117-c9bf-7e71-80eb-ac66afe212ad,019e3117-c812-7bbc-85df-495b0b14aad6,PSYC101,Intro to Psychology,Quiz,34.0,2026-02-02T00:00:00+00:00,2026,1,5
019e3117-c9c0-756e-b424-f5228152a1d5,019e3117-c813-7d21-b934-ad2b5dd45bb2,CS101,Programming Fundamentals,Quiz,89.0,2026-02-02T00:00:00+00:00,2026,1,5
019e3117-c9c1-7f25-8274-1177887eff6c,019e3117-c813-7d21-b934-ad2b5dd45bb2,MATH201,Advanced Calculus,Quiz,21.0,2026-02-02T00:00:00+00:00,2026,1,5
019e3117-c9c2-719e-b561-53862352a627,019e3117-c813-7d21-b934-ad2b5dd45bb2,ENG102,Western Literature,Quiz,80.0,2026-02-02T00:00:00+00:00,2026,1,5
019e3117-c9c3-7d21-8a22-32a34a0a3331,019e3117-c813-7d21-b934-ad2b5dd45bb2,PSYC101,Intro to Psychology,Quiz,80.0,2026-02-02T00:00:00+00:00,2026,1,5
019e3117-c9c4-7bce-a6cd-e6768dc36a17,019e3117-c814-727d-a005-249f73d2233d,CS101,Programming Fundamentals,Quiz,17.0,2026-02-02T00:00:00+00:00,2026,1,5
019e3117-c9c5-754a-9a13-c090dd89c682,019e3117-c814-727d-a005-249f73d2233d,MATH201,Advanced Calculus,Quiz,26.0,2026-02-02T00:00:00+00:00,2026,1,5
019e3117-c9c6-7693-9836-fd74a42cf1db,019e3117-c814-727d-a005-249f73d2233d,ENG102,Western Literature,Quiz,35.0,2026-02-02T00:00:00+00:00,2026,1,5
019e3117-c9c7-7a65-8e9d-2626b1e5ec15,019e3117-c814-727d-a005-249f73d2233d,PSYC101,Intro to Psychology,Quiz,32.0,2026-02-02T00:00:00+00:00,2026,1,5
019e3117-c9c8-71cb-a340-736eeaea267e,019e3117-c815-7a85-a8e1-e59e88f6c338,CS101,Programming Fundamentals,Quiz,91.0,2026-02-02T00:00:00+00:00,2026,1,5
019e3117-c9c9-76c2-b2c9-c0f4fe4a9b84,019e3117-c815-7a85-a8e1-e59e88f6c338,MATH201,Advanced Calculus,Quiz,80.0,2026-02-02T00:00:00+00:00,2026,1,5
019e3117-c9ca-7d46-a668-484f7dd25034,019e3117-c815-7a85-a8e1-e59e88f6c338,ENG102,Western Literature,Quiz,87.0,2026-02-02T00:00:00+00:00,2026,1,5
019e3117-c9cb-78ed-bfec-fb67eb0e60de,019e3117-c815-7a85-a8e1-e59e88f6c338,PSYC101,Intro to Psychology,Quiz,84.0,2026-02-02T00:00:00+00:00,2026,1,5
019e3117-c9cc-759b-9dc3-0ab69b0c5ce7,019e3117-c816-7dfa-9576-f6fbe6bee293,CS101,Programming Fundamentals,Quiz,80.0,2026-02-02T00:00:00+00:00,2026,1,5
019e3117-c9cd-719a-b122-63912eab8d46,019e3117-c816-7dfa-9576-f6fbe6bee293,MATH201,Advanced Calculus,Quiz,94.0,2026-02-02T00:00:00+00:00,2026,1,5
019e3117-c9ce-7c29-9738-e70b48a5816e,019e3117-c816-7dfa-9576-f6fbe6bee293,ENG102,Western Literature,Quiz,91.0,2026-02-02T00:00:00+00:00,2026,1,5
019e3117-c9cf-780b-af75-4b0b354c82b8,019e3117-c816-7dfa-9576-f6fbe6bee293,PSYC101,Intro to Psychology,Quiz,87.0,2026-02-02T00:00:00+00:00,2026,1,5
019e3117-c9d0-7b12-83f9-ae7ae8751431,019e3117-c817-71b3-8ac9-c2113c74166a,CS101,Programming Fundamentals,Quiz,84.0,2026-02-02T00:00:00+00:00,2026,1,5
019e3117-c9d1-7f97-9c6b-8ec416a323bc,019e3117-c817-71b3-8ac9-c2113c74166a,MATH201,Advanced Calculus,Quiz,83.0,2026-02-02T00:00:00+00:00,2026,1,5
019e3117-c9d2-75ce-9a7a-8ac7c66e7784,019e3117-c817-71b3-8ac9-c2113c74166a,ENG102,Western Literature,Quiz,86.0,2026-02-02T00:00:00+00:00,2026,1,5
019e3117-c9d3-70ca-bbd9-dbf2f849c1f9,019e3117-c817-71b3-8ac9-c2113c74166a,PSYC101,Intro to Psychology,Quiz,94.0,2026-02-02T00:00:00+00:00,2026,1,5
019e3117-c9d4-7692-a3bf-cf1cbebf765f,019e3117-c818-7125-a6df-10455d013641,CS101,Programming Fundamentals,Quiz,82.0,2026-02-02T00:00:00+00:00,2026,1,5
019e3117-c9d5-7173-8792-0df8941b1cad,019e3117-c818-7125-a6df-10455d013641,MATH201,Advanced Calculus,Quiz,95.0,2026-02-02T00:00:00+00:00,2026,1,5
019e3117-c9d6-755a-b7b9-be950fbd15c6,019e3117-c818-7125-a6df-10455d013641,ENG102,Western Literature,Quiz,83.0,2026-02-02T00:00:00+00:00,2026,1,5
019e3117-c9d7-7d59-91a0-7a3374a6ca1f,019e3117-c818-7125-a6df-10455d013641,PSYC101,Intro to Psychology,Quiz,87.0,2026-02-02T00:00:00+00:00,2026,1,5
019e3117-c9d8-7e38-8053-ceb9183f54be,019e3117-c819-7f33-a059-8737932ea3cf,CS101,Programming Fundamentals,Quiz,91.0,2026-02-02T00:00:00+00:00,2026,1,5
019e3117-c9d9-74c9-9814-540df8f36bea,019e3117-c819-7f33-a059-8737932ea3cf,MATH201,Advanced Calculus,Quiz,81.0,2026-02-02T00:00:00+00:00,2026,1,5
019e3117-c9da-7767-8821-c1dd55b2b72a,019e3117-c819-7f33-a059-8737932ea3cf,ENG102,Western Literature,Quiz,92.0,2026-02-02T00:00:00+00:00,2026,1,5
019e3117-c9db-7f5b-9191-2946e0eeec14,019e3117-c819-7f33-a059-8737932ea3cf,PSYC101,Intro to Psychology,Quiz,90.0,2026-02-02T00:00:00+00:00,2026,1,5
019e3117-c9dc-78cc-81d9-4fd2a9bde5fb,019e3117-c81a-7855-8f62-eaefc66c091c,CS101,Programming Fundamentals,Quiz,95.0,2026-02-02T00:00:00+00:00,2026,1,5
019e3117-c9dd-7bc8-9362-7857a92abee3,019e3117-c81a-7855-8f62-eaefc66c091c,MATH201,Advanced Calculus,Quiz,80.0,2026-02-02T00:00:00+00:00,2026,1,5
019e3117-c9de-704e-8359-4f8269a0384d,019e3117-c81a-7855-8f62-eaefc66c091c,ENG102,Western Literature,Quiz,89.0,2026-02-02T00:00:00+00:00,2026,1,5
019e3117-c9df-7262-b15c-714c330b7b95,019e3117-c81a-7855-8f62-eaefc66c091c,PSYC101,Intro to Psychology,Quiz,81.0,2026-02-02T00:00:00+00:00,2026,1,5
019e3117-c9e0-766b-b4e9-07e7d6d537bd,019e3117-c81b-7575-9c54-0b97b984a42a,CS101,Programming Fundamentals,Quiz,80.0,2026-02-02T00:00:00+00:00,2026,1,5
019e3117-c9e1-7cb9-9eb2-3358251b3bb9,019e3117-c81b-7575-9c54-0b97b984a42a,MATH201,Advanced Calculus,Quiz,86.0,2026-02-02T00:00:00+00:00,2026,1,5
019e3117-c9e2-74fd-b227-3f7102bbe688,019e3117-c81b-7575-9c54-0b97b984a42a,ENG102,Western Literature,Quiz,81.0,2026-02-02T00:00:00+00:00,2026,1,5
019e3117-c9e3-7822-b808-280c3cd448b8,019e3117-c81b-7575-9c54-0b97b984a42a,PSYC101,Intro to Psychology,Quiz,82.0,2026-02-02T00:00:00+00:00,2026,1,5
019e3117-c9e4-77aa-bbf0-b85640ee2ea5,019e3117-c81c-7451-bac3-87b48f4aac0a,CS101,Programming Fundamentals,Quiz,84.0,2026-02-02T00:00:00+00:00,2026,1,5
019e3117-c9e5-745b-b743-2b723a9cab0c,019e3117-c81c-7451-bac3-87b48f4aac0a,MATH201,Advanced Calculus,Quiz,88.0,2026-02-02T00:00:00+00:00,2026,1,5
019e3117-c9e6-7656-9e84-9d5ee6c79bb7,019e3117-c81c-7451-bac3-87b48f4aac0a,ENG102,Western Literature,Quiz,83.0,2026-02-02T00:00:00+00:00,2026,1,5
019e3117-c9e7-7a0f-8acf-f29ea47be589,019e3117-c81c-7451-bac3-87b48f4aac0a,PSYC101,Intro to Psychology,Quiz,82.0,2026-02-02T00:00:00+00:00,2026,1,5
019e3117-c9e8-78af-9f4d-c53af2157eff,019e3117-c81d-7898-8809-79a2513cb17d,CS101,Programming Fundamentals,Quiz,84.0,2026-02-02T00:00:00+00:00,2026,1,5
019e3117-c9e9-75fc-909f-273c7cf9a5d9,019e3117-c81d-7898-8809-79a2513cb17d,MATH201,Advanced Calculus,Quiz,82.0,2026-02-02T00:00:00+00:00,2026,1,5
019e3117-c9ea-7348-9c89-4dc284fdfbab,019e3117-c81d-7898-8809-79a2513cb17d,ENG102,Western Literature,Quiz,93.0,2026-02-02T00:00:00+00:00,2026,1,5
019e3117-c9eb-7b72-83d9-3e49f5a1386f,019e3117-c81d-7898-8809-79a2513cb17d,PSYC101,Intro to Psychology,Quiz,86.0,2026-02-02T00:00:00+00:00,2026,1,5
019e3117-c9ec-7237-ba60-3a723157acd8,019e3117-c81e-716d-9a07-0b3abcfe6fdc,CS101,Programming Fundamentals,Quiz,93.0,2026-02-02T00:00:00+00:00,2026,1,5
019e3117-c9ed-7d3e-8ef5-12dc0a518995,019e3117-c81e-716d-9a07-0b3abcfe6fdc,MATH201,Advanced Calculus,Quiz,94.0,2026-02-02T00:00:00+00:00,2026,1,5
019e3117-c9ee-7259-a747-0c3bdcec526f,019e3117-c81e-716d-9a07-0b3abcfe6fdc,ENG102,Western Literature,Quiz,94.0,2026-02-02T00:00:00+00:00,2026,1,5
019e3117-c9ef-7948-9899-b394d1a6d26c,019e3117-c81e-716d-9a07-0b3abcfe6fdc,PSYC101,Intro to Psychology,Quiz,83.0,2026-02-02T00:00:00+00:00,2026,1,5
019e3117-c9f0-7877-8c9f-98da13160bea,019e3117-c81f-7f1e-bc71-793c45145e68,CS101,Programming Fundamentals,Quiz,93.0,2026-02-02T00:00:00+00:00,2026,1,5
019e3117-c9f1-725c-afca-384b1621016e,019e3117-c81f-7f1e-bc71-793c45145e68,MATH201,Advanced Calculus,Quiz,85.0,2026-02-02T00:00:00+00:00,2026,1,5
019e3117-c9f2-7e01-9cb5-8e0383e6e1c5,019e3117-c81f-7f1e-bc71-793c45145e68,ENG102,Western Literature,Quiz,85.0,2026-02-02T00:00:00+00:00,2026,1,5
019e3117-c9f3-73fe-8d9c-fc7ae0a71462,019e3117-c81f-7f1e-bc71-793c45145e68,PSYC101,Intro to Psychology,Quiz,90.0,2026-02-02T00:00:00+00:00,2026,1,5
019e3117-c9f4-7fbe-8345-1b9ced924fc5,019e3117-c820-7fdd-a43d-66cec16fe012,CS101,Programming Fundamentals,Quiz,80.0,2026-02-02T00:00:00+00:00,2026,1,5
019e3117-c9f5-746b-ad17-9fa5a10a802b,019e3117-c820-7fdd-a43d-66cec16fe012,MATH201,Advanced Calculus,Quiz,93.0,2026-02-02T00:00:00+00:00,2026,1,5
019e3117-c9f6-71e3-8c32-e2b8e430c6cb,019e3117-c820-7fdd-a43d-66cec16fe012,ENG102,Western Literature,Quiz,81.0,2026-02-02T00:00:00+00:00,2026,1,5
019e3117-c9f7-763b-a50c-ad001aa83f1f,019e3117-c820-7fdd-a43d-66cec16fe012,PSYC101,Intro to Psychology,Quiz,89.0,2026-02-02T00:00:00+00:00,2026,1,5
019e3117-c9f8-70cb-b32b-f766bd694b20,019e3117-c821-7b33-b4b8-7a5ccf8d093e,CS101,Programming Fundamentals,Quiz,94.0,2026-02-02T00:00:00+00:00,2026,1,5
019e3117-c9f9-7adb-ae6f-f7ef37f29443,019e3117-c821-7b33-b4b8-7a5ccf8d093e,MATH201,Advanced Calculus,Quiz,94.0,2026-02-02T00:00:00+00:00,2026,1,5
019e3117-c9fa-7372-8642-1dd1098ef681,019e3117-c821-7b33-b4b8-7a5ccf8d093e,ENG102,Western Literature,Quiz,90.0,2026-02-02T00:00:00+00:00,2026,1,5
019e3117-c9fb-741f-a3dd-ca6246c88013,019e3117-c821-7b33-b4b8-7a5ccf8d093e,PSYC101,Intro to Psychology,Quiz,82.0,2026-02-02T00:00:00+00:00,2026,1,5
019e3117-c9fc-795d-a4a8-ff7ad09e2677,019e3117-c822-7bb4-9ba0-e6567ea83f62,CS101,Programming Fundamentals,Quiz,93.0,2026-02-02T00:00:00+00:00,2026,1,5
019e3117-c9fd-75d4-b489-dd64db83eac9,019e3117-c822-7bb4-9ba0-e6567ea83f62,MATH201,Advanced Calculus,Quiz,83.0,2026-02-02T00:00:00+00:00,2026,1,5
019e3117-c9fe-71dc-8d9e-d084f52ada32,019e3117-c822-7bb4-9ba0-e6567ea83f62,ENG102,Western Literature,Quiz,89.0,2026-02-02T00:00:00+00:00,2026,1,5
019e3117-c9ff-7da5-869e-d7a82597c181,019e3117-c822-7bb4-9ba0-e6567ea83f62,PSYC101,Intro to Psychology,Quiz,90.0,2026-02-02T00:00:00+00:00,2026,1,5
019e3117-ca00-79d5-9605-4b9a6ff532ff,019e3117-c823-7191-b8b7-cd7e165da241,CS101,Programming Fundamentals,Quiz,91.0,2026-02-02T00:00:00+00:00,2026,1,5
019e3117-ca01-74a7-911c-b40317ecaa8b,019e3117-c823-7191-b8b7-cd7e165da241,MATH201,Advanced Calculus,Quiz,86.0,2026-02-02T00:00:00+00:00,2026,1,5
019e3117-ca02-77e7-8e94-edcdfb776c0b,019e3117-c823-7191-b8b7-cd7e165da241,ENG102,Western Literature,Quiz,92.0,2026-02-02T00:00:00+00:00,2026,1,5
019e3117-ca03-773b-8236-af87f8a2a17f,019e3117-c823-7191-b8b7-cd7e165da241,PSYC101,Intro to Psychology,Quiz,81.0,2026-02-02T00:00:00+00:00,2026,1,5
019e3117-ca04-7012-9bf7-351be4ccf66c,019e3117-c810-7ff8-9cb7-24213d45cfa7,CS101,Programming Fundamentals,Quiz,28.0,2026-02-09T00:00:00+00:00,2026,1,6
019e3117-ca05-7352-bddb-6ee3bd62a0fe,019e3117-c810-7ff8-9cb7-24213d45cfa7,MATH201,Advanced Calculus,Quiz,87.0,2026-02-09T00:00:00+00:00,2026,1,6
019e3117-ca06-7be3-82f0-7ce0d36380dd,019e3117-c810-7ff8-9cb7-24213d45cfa7,ENG102,Western Literature,Quiz,90.0,2026-02-09T00:00:00+00:00,2026,1,6
019e3117-ca07-79ff-95b4-025cad08cf3b,019e3117-c810-7ff8-9cb7-24213d45cfa7,PSYC101,Intro to Psychology,Quiz,91.0,2026-02-09T00:00:00+00:00,2026,1,6
019e3117-ca08-7bee-86eb-0da9c0b78c30,019e3117-c811-772f-b0cc-a059f54a9405,CS101,Programming Fundamentals,Quiz,25.0,2026-02-09T00:00:00+00:00,2026,1,6
019e3117-ca09-7b54-bc63-603992d29ac1,019e3117-c811-772f-b0cc-a059f54a9405,MATH201,Advanced Calculus,Quiz,20.0,2026-02-09T00:00:00+00:00,2026,1,6
019e3117-ca0a-7b55-991e-bd858ccf27f3,019e3117-c811-772f-b0cc-a059f54a9405,ENG102,Western Literature,Quiz,25.0,2026-02-09T00:00:00+00:00,2026,1,6
019e3117-ca0b-7fe4-8aab-a10fa256465b,019e3117-c811-772f-b0cc-a059f54a9405,PSYC101,Intro to Psychology,Quiz,91.0,2026-02-09T00:00:00+00:00,2026,1,6
019e3117-ca0c-7289-8306-fcf7a02a9ad2,019e3117-c812-7bbc-85df-495b0b14aad6,CS101,Programming Fundamentals,Quiz,23.0,2026-02-09T00:00:00+00:00,2026,1,6
019e3117-ca0d-7ad3-94ac-be92e8210b3d,019e3117-c812-7bbc-85df-495b0b14aad6,MATH201,Advanced Calculus,Quiz,92.0,2026-02-09T00:00:00+00:00,2026,1,6
019e3117-ca0e-7035-ab43-76fba52cd3d4,019e3117-c812-7bbc-85df-495b0b14aad6,ENG102,Western Literature,Quiz,91.0,2026-02-09T00:00:00+00:00,2026,1,6
019e3117-ca0f-7ffe-a2b4-205de3df049c,019e3117-c812-7bbc-85df-495b0b14aad6,PSYC101,Intro to Psychology,Quiz,15.0,2026-02-09T00:00:00+00:00,2026,1,6
019e3117-ca10-7e98-83a4-c24218a96f4e,019e3117-c813-7d21-b934-ad2b5dd45bb2,CS101,Programming Fundamentals,Quiz,85.0,2026-02-09T00:00:00+00:00,2026,1,6
019e3117-ca11-7b65-b7c7-0b8eaf0012ff,019e3117-c813-7d21-b934-ad2b5dd45bb2,MATH201,Advanced Calculus,Quiz,24.0,2026-02-09T00:00:00+00:00,2026,1,6
019e3117-ca12-73dc-9644-27def92b5951,019e3117-c813-7d21-b934-ad2b5dd45bb2,ENG102,Western Literature,Quiz,83.0,2026-02-09T00:00:00+00:00,2026,1,6
019e3117-ca13-7251-bccc-b6747d2416fb,019e3117-c813-7d21-b934-ad2b5dd45bb2,PSYC101,Intro to Psychology,Quiz,89.0,2026-02-09T00:00:00+00:00,2026,1,6
019e3117-ca14-7746-9367-c49b9f72b718,019e3117-c814-727d-a005-249f73d2233d,CS101,Programming Fundamentals,Quiz,22.0,2026-02-09T00:00:00+00:00,2026,1,6
019e3117-ca15-70a4-a8c9-1fc0d791328c,019e3117-c814-727d-a005-249f73d2233d,MATH201,Advanced Calculus,Quiz,20.0,2026-02-09T00:00:00+00:00,2026,1,6
019e3117-ca16-7ba1-81d5-d3455fb60d6d,019e3117-c814-727d-a005-249f73d2233d,ENG102,Western Literature,Quiz,18.0,2026-02-09T00:00:00+00:00,2026,1,6
019e3117-ca17-7b29-9873-1f4b0d894632,019e3117-c814-727d-a005-249f73d2233d,PSYC101,Intro to Psychology,Quiz,15.0,2026-02-09T00:00:00+00:00,2026,1,6
019e3117-ca18-7d3f-ba50-a7534faee90b,019e3117-c815-7a85-a8e1-e59e88f6c338,CS101,Programming Fundamentals,Quiz,88.0,2026-02-09T00:00:00+00:00,2026,1,6
019e3117-ca19-737d-84a2-5b0d0d8fc9e4,019e3117-c815-7a85-a8e1-e59e88f6c338,MATH201,Advanced Calculus,Quiz,94.0,2026-02-09T00:00:00+00:00,2026,1,6
019e3117-ca1a-7c6c-9467-e5178ae89d9c,019e3117-c815-7a85-a8e1-e59e88f6c338,ENG102,Western Literature,Quiz,92.0,2026-02-09T00:00:00+00:00,2026,1,6
019e3117-ca1b-7dcb-aef4-e1e99b6cb90a,019e3117-c815-7a85-a8e1-e59e88f6c338,PSYC101,Intro to Psychology,Quiz,90.0,2026-02-09T00:00:00+00:00,2026,1,6
019e3117-ca1c-7866-9d76-aa91ce7f1fa4,019e3117-c816-7dfa-9576-f6fbe6bee293,CS101,Programming Fundamentals,Quiz,82.0,2026-02-09T00:00:00+00:00,2026,1,6
019e3117-ca1d-7a56-a26b-4a44101cde1c,019e3117-c816-7dfa-9576-f6fbe6bee293,MATH201,Advanced Calculus,Quiz,91.0,2026-02-09T00:00:00+00:00,2026,1,6
019e3117-ca1e-731b-bb85-2e6315462b29,019e3117-c816-7dfa-9576-f6fbe6bee293,ENG102,Western Literature,Quiz,85.0,2026-02-09T00:00:00+00:00,2026,1,6
019e3117-ca1f-7d27-8670-60f9004efeb9,019e3117-c816-7dfa-9576-f6fbe6bee293,PSYC101,Intro to Psychology,Quiz,93.0,2026-02-09T00:00:00+00:00,2026,1,6
019e3117-ca20-7bb9-b2bd-b84ece3de89d,019e3117-c817-71b3-8ac9-c2113c74166a,CS101,Programming Fundamentals,Quiz,95.0,2026-02-09T00:00:00+00:00,2026,1,6
019e3117-ca21-7ded-92a8-801ec5912583,019e3117-c817-71b3-8ac9-c2113c74166a,MATH201,Advanced Calculus,Quiz,88.0,2026-02-09T00:00:00+00:00,2026,1,6
019e3117-ca22-7fe6-98b0-e53e9d0c1577,019e3117-c817-71b3-8ac9-c2113c74166a,ENG102,Western Literature,Quiz,94.0,2026-02-09T00:00:00+00:00,2026,1,6
019e3117-ca23-7142-8722-2578fe230006,019e3117-c817-71b3-8ac9-c2113c74166a,PSYC101,Intro to Psychology,Quiz,86.0,2026-02-09T00:00:00+00:00,2026,1,6
019e3117-ca24-76fa-9772-3cc95deb4336,019e3117-c818-7125-a6df-10455d013641,CS101,Programming Fundamentals,Quiz,82.0,2026-02-09T00:00:00+00:00,2026,1,6
019e3117-ca25-7048-944c-7ca6cbbc9114,019e3117-c818-7125-a6df-10455d013641,MATH201,Advanced Calculus,Quiz,86.0,2026-02-09T00:00:00+00:00,2026,1,6
019e3117-ca26-7c5b-aa94-0fa6abf42919,019e3117-c818-7125-a6df-10455d013641,ENG102,Western Literature,Quiz,93.0,2026-02-09T00:00:00+00:00,2026,1,6
019e3117-ca27-7bd0-bb47-f7540e381984,019e3117-c818-7125-a6df-10455d013641,PSYC101,Intro to Psychology,Quiz,88.0,2026-02-09T00:00:00+00:00,2026,1,6
019e3117-ca28-7647-94d5-122a20dbf685,019e3117-c819-7f33-a059-8737932ea3cf,CS101,Programming Fundamentals,Quiz,83.0,2026-02-09T00:00:00+00:00,2026,1,6
019e3117-ca29-7f5f-a568-1748e18c2183,019e3117-c819-7f33-a059-8737932ea3cf,MATH201,Advanced Calculus,Quiz,86.0,2026-02-09T00:00:00+00:00,2026,1,6
019e3117-ca2a-7d02-814e-001351005e1c,019e3117-c819-7f33-a059-8737932ea3cf,ENG102,Western Literature,Quiz,83.0,2026-02-09T00:00:00+00:00,2026,1,6
019e3117-ca2b-7d77-b3ee-b1dad2513ee0,019e3117-c819-7f33-a059-8737932ea3cf,PSYC101,Intro to Psychology,Quiz,84.0,2026-02-09T00:00:00+00:00,2026,1,6
019e3117-ca2c-70e2-b2c5-b27665e6cc2b,019e3117-c81a-7855-8f62-eaefc66c091c,CS101,Programming Fundamentals,Quiz,91.0,2026-02-09T00:00:00+00:00,2026,1,6
019e3117-ca2d-7428-a2bb-9605be69f9b8,019e3117-c81a-7855-8f62-eaefc66c091c,MATH201,Advanced Calculus,Quiz,80.0,2026-02-09T00:00:00+00:00,2026,1,6
019e3117-ca2e-70f8-9a1a-509ffb361a4a,019e3117-c81a-7855-8f62-eaefc66c091c,ENG102,Western Literature,Quiz,83.0,2026-02-09T00:00:00+00:00,2026,1,6
019e3117-ca2f-7154-b842-d0929d5941fb,019e3117-c81a-7855-8f62-eaefc66c091c,PSYC101,Intro to Psychology,Quiz,80.0,2026-02-09T00:00:00+00:00,2026,1,6
019e3117-ca30-7d9b-be20-be37e32354c4,019e3117-c81b-7575-9c54-0b97b984a42a,CS101,Programming Fundamentals,Quiz,87.0,2026-02-09T00:00:00+00:00,2026,1,6
019e3117-ca31-7a5b-ad56-519726c37b89,019e3117-c81b-7575-9c54-0b97b984a42a,MATH201,Advanced Calculus,Quiz,95.0,2026-02-09T00:00:00+00:00,2026,1,6
019e3117-ca32-70f7-8551-8c0f195e32da,019e3117-c81b-7575-9c54-0b97b984a42a,ENG102,Western Literature,Quiz,81.0,2026-02-09T00:00:00+00:00,2026,1,6
019e3117-ca33-73f7-bc4f-90b3a508a5a8,019e3117-c81b-7575-9c54-0b97b984a42a,PSYC101,Intro to Psychology,Quiz,84.0,2026-02-09T00:00:00+00:00,2026,1,6
019e3117-ca34-7200-b96c-4c98e8ed7a61,019e3117-c81c-7451-bac3-87b48f4aac0a,CS101,Programming Fundamentals,Quiz,86.0,2026-02-09T00:00:00+00:00,2026,1,6
019e3117-ca35-7556-81f4-7f0afc389384,019e3117-c81c-7451-bac3-87b48f4aac0a,MATH201,Advanced Calculus,Quiz,82.0,2026-02-09T00:00:00+00:00,2026,1,6
019e3117-ca36-7d71-9660-353dfa2531b0,019e3117-c81c-7451-bac3-87b48f4aac0a,ENG102,Western Literature,Quiz,90.0,2026-02-09T00:00:00+00:00,2026,1,6
019e3117-ca37-72ee-9bd1-b4567f3303fc,019e3117-c81c-7451-bac3-87b48f4aac0a,PSYC101,Intro to Psychology,Quiz,86.0,2026-02-09T00:00:00+00:00,2026,1,6
019e3117-ca38-7c0c-a535-942cb0397dfa,019e3117-c81d-7898-8809-79a2513cb17d,CS101,Programming Fundamentals,Quiz,95.0,2026-02-09T00:00:00+00:00,2026,1,6
019e3117-ca39-7dcb-85d1-042044c1d144,019e3117-c81d-7898-8809-79a2513cb17d,MATH201,Advanced Calculus,Quiz,85.0,2026-02-09T00:00:00+00:00,2026,1,6
019e3117-ca3a-746a-b953-0e7655e861df,019e3117-c81d-7898-8809-79a2513cb17d,ENG102,Western Literature,Quiz,94.0,2026-02-09T00:00:00+00:00,2026,1,6
019e3117-ca3b-7794-96cc-edf32f8819f6,019e3117-c81d-7898-8809-79a2513cb17d,PSYC101,Intro to Psychology,Quiz,92.0,2026-02-09T00:00:00+00:00,2026,1,6
019e3117-ca3c-75a5-83c8-fa6fe38da6bc,019e3117-c81e-716d-9a07-0b3abcfe6fdc,CS101,Programming Fundamentals,Quiz,87.0,2026-02-09T00:00:00+00:00,2026,1,6
019e3117-ca3d-7ffe-8e6e-5f23b0f29120,019e3117-c81e-716d-9a07-0b3abcfe6fdc,MATH201,Advanced Calculus,Quiz,80.0,2026-02-09T00:00:00+00:00,2026,1,6
019e3117-ca3e-7907-a3b4-910edaceeafa,019e3117-c81e-716d-9a07-0b3abcfe6fdc,ENG102,Western Literature,Quiz,85.0,2026-02-09T00:00:00+00:00,2026,1,6
019e3117-ca3f-7c03-881a-718d45ec9160,019e3117-c81e-716d-9a07-0b3abcfe6fdc,PSYC101,Intro to Psychology,Quiz,90.0,2026-02-09T00:00:00+00:00,2026,1,6
019e3117-ca40-7aee-b34e-98fe13df0939,019e3117-c81f-7f1e-bc71-793c45145e68,CS101,Programming Fundamentals,Quiz,93.0,2026-02-09T00:00:00+00:00,2026,1,6
019e3117-ca41-7bf5-92b5-2324badd20ad,019e3117-c81f-7f1e-bc71-793c45145e68,MATH201,Advanced Calculus,Quiz,91.0,2026-02-09T00:00:00+00:00,2026,1,6
019e3117-ca42-7459-bd2a-579712521fe4,019e3117-c81f-7f1e-bc71-793c45145e68,ENG102,Western Literature,Quiz,91.0,2026-02-09T00:00:00+00:00,2026,1,6
019e3117-ca43-730d-9ddd-34d48cdb7bc4,019e3117-c81f-7f1e-bc71-793c45145e68,PSYC101,Intro to Psychology,Quiz,88.0,2026-02-09T00:00:00+00:00,2026,1,6
019e3117-ca44-75fa-840a-92a7ad006b6f,019e3117-c820-7fdd-a43d-66cec16fe012,CS101,Programming Fundamentals,Quiz,80.0,2026-02-09T00:00:00+00:00,2026,1,6
019e3117-ca45-73b7-b4eb-1dc3ac99e173,019e3117-c820-7fdd-a43d-66cec16fe012,MATH201,Advanced Calculus,Quiz,92.0,2026-02-09T00:00:00+00:00,2026,1,6
019e3117-ca46-776a-b0a3-bae26738e55e,019e3117-c820-7fdd-a43d-66cec16fe012,ENG102,Western Literature,Quiz,84.0,2026-02-09T00:00:00+00:00,2026,1,6
019e3117-ca47-7aa5-9fce-7b6fa878340f,019e3117-c820-7fdd-a43d-66cec16fe012,PSYC101,Intro to Psychology,Quiz,90.0,2026-02-09T00:00:00+00:00,2026,1,6
019e3117-ca48-7209-b238-5d068a780b08,019e3117-c821-7b33-b4b8-7a5ccf8d093e,CS101,Programming Fundamentals,Quiz,82.0,2026-02-09T00:00:00+00:00,2026,1,6
019e3117-ca49-7dd2-a22b-3d1169f33cf3,019e3117-c821-7b33-b4b8-7a5ccf8d093e,MATH201,Advanced Calculus,Quiz,93.0,2026-02-09T00:00:00+00:00,2026,1,6
019e3117-ca4a-79be-ae87-ce60c436fe70,019e3117-c821-7b33-b4b8-7a5ccf8d093e,ENG102,Western Literature,Quiz,90.0,2026-02-09T00:00:00+00:00,2026,1,6
019e3117-ca4b-7df6-ac40-ae83df8ce8e4,019e3117-c821-7b33-b4b8-7a5ccf8d093e,PSYC101,Intro to Psychology,Quiz,85.0,2026-02-09T00:00:00+00:00,2026,1,6
019e3117-ca4c-7c88-b068-4314efd22721,019e3117-c822-7bb4-9ba0-e6567ea83f62,CS101,Programming Fundamentals,Quiz,91.0,2026-02-09T00:00:00+00:00,2026,1,6
019e3117-ca4d-7f78-a794-ec41693b731a,019e3117-c822-7bb4-9ba0-e6567ea83f62,MATH201,Advanced Calculus,Quiz,90.0,2026-02-09T00:00:00+00:00,2026,1,6
019e3117-ca4e-775e-b749-fdd6c0a0e629,019e3117-c822-7bb4-9ba0-e6567ea83f62,ENG102,Western Literature,Quiz,85.0,2026-02-09T00:00:00+00:00,2026,1,6
019e3117-ca4f-7aa0-9a5d-1a803eb19ca5,019e3117-c822-7bb4-9ba0-e6567ea83f62,PSYC101,Intro to Psychology,Quiz,94.0,2026-02-09T00:00:00+00:00,2026,1,6
019e3117-ca50-7726-91bd-92b5bec92058,019e3117-c823-7191-b8b7-cd7e165da241,CS101,Programming Fundamentals,Quiz,90.0,2026-02-09T00:00:00+00:00,2026,1,6
019e3117-ca51-7b95-9795-2098fc725aeb,019e3117-c823-7191-b8b7-cd7e165da241,MATH201,Advanced Calculus,Quiz,91.0,2026-02-09T00:00:00+00:00,2026,1,6
019e3117-ca52-7ac1-b784-a43b8fc31221,019e3117-c823-7191-b8b7-cd7e165da241,ENG102,Western Literature,Quiz,89.0,2026-02-09T00:00:00+00:00,2026,1,6
019e3117-ca53-7ac7-8153-320c772a56d3,019e3117-c823-7191-b8b7-cd7e165da241,PSYC101,Intro to Psychology,Quiz,81.0,2026-02-09T00:00:00+00:00,2026,1,6
019e3117-ca54-7478-a207-cde7b83dbeab,019e3117-c810-7ff8-9cb7-24213d45cfa7,CS101,Programming Fundamentals,Quiz,16.0,2026-02-16T00:00:00+00:00,2026,1,7
019e3117-ca55-7b79-92a1-002035ad711b,019e3117-c810-7ff8-9cb7-24213d45cfa7,MATH201,Advanced Calculus,Quiz,84.0,2026-02-16T00:00:00+00:00,2026,1,7
019e3117-ca56-7000-85f3-a7a03c8354e5,019e3117-c810-7ff8-9cb7-24213d45cfa7,ENG102,Western Literature,Quiz,86.0,2026-02-16T00:00:00+00:00,2026,1,7
019e3117-ca57-77b1-bcc2-f4cde1c37a04,019e3117-c810-7ff8-9cb7-24213d45cfa7,PSYC101,Intro to Psychology,Quiz,89.0,2026-02-16T00:00:00+00:00,2026,1,7
019e3117-ca58-7b53-9b4b-4b376b387e50,019e3117-c811-772f-b0cc-a059f54a9405,CS101,Programming Fundamentals,Quiz,15.0,2026-02-16T00:00:00+00:00,2026,1,7
019e3117-ca59-7d21-8f46-8981da01dbf3,019e3117-c811-772f-b0cc-a059f54a9405,MATH201,Advanced Calculus,Quiz,31.0,2026-02-16T00:00:00+00:00,2026,1,7
019e3117-ca5a-71e0-bec7-4e84af592d54,019e3117-c811-772f-b0cc-a059f54a9405,ENG102,Western Literature,Quiz,35.0,2026-02-16T00:00:00+00:00,2026,1,7
019e3117-ca5b-7bb4-9617-c5971de71f55,019e3117-c811-772f-b0cc-a059f54a9405,PSYC101,Intro to Psychology,Quiz,93.0,2026-02-16T00:00:00+00:00,2026,1,7
019e3117-ca5c-758b-82fe-56d230f4263b,019e3117-c812-7bbc-85df-495b0b14aad6,CS101,Programming Fundamentals,Quiz,24.0,2026-02-16T00:00:00+00:00,2026,1,7
019e3117-ca5d-7842-b9ed-194710a1f598,019e3117-c812-7bbc-85df-495b0b14aad6,MATH201,Advanced Calculus,Quiz,84.0,2026-02-16T00:00:00+00:00,2026,1,7
019e3117-ca5e-7263-8653-fbbcba151dbe,019e3117-c812-7bbc-85df-495b0b14aad6,ENG102,Western Literature,Quiz,91.0,2026-02-16T00:00:00+00:00,2026,1,7
019e3117-ca5f-7972-8d6a-f5ac6a627be8,019e3117-c812-7bbc-85df-495b0b14aad6,PSYC101,Intro to Psychology,Quiz,30.0,2026-02-16T00:00:00+00:00,2026,1,7
019e3117-ca60-7bd5-8799-1ed52f2c6045,019e3117-c813-7d21-b934-ad2b5dd45bb2,CS101,Programming Fundamentals,Quiz,86.0,2026-02-16T00:00:00+00:00,2026,1,7
019e3117-ca61-774e-8af7-f99cc0ee0e5b,019e3117-c813-7d21-b934-ad2b5dd45bb2,MATH201,Advanced Calculus,Quiz,29.0,2026-02-16T00:00:00+00:00,2026,1,7
019e3117-ca62-7147-8827-b1d5353e614f,019e3117-c813-7d21-b934-ad2b5dd45bb2,ENG102,Western Literature,Quiz,87.0,2026-02-16T00:00:00+00:00,2026,1,7
019e3117-ca63-793e-b4e1-40f0f8d5a679,019e3117-c813-7d21-b934-ad2b5dd45bb2,PSYC101,Intro to Psychology,Quiz,84.0,2026-02-16T00:00:00+00:00,2026,1,7
019e3117-ca64-7f5f-ad11-55452bebd957,019e3117-c814-727d-a005-249f73d2233d,CS101,Programming Fundamentals,Quiz,27.0,2026-02-16T00:00:00+00:00,2026,1,7
019e3117-ca65-70a9-8748-10f8d99c9a8c,019e3117-c814-727d-a005-249f73d2233d,MATH201,Advanced Calculus,Quiz,32.0,2026-02-16T00:00:00+00:00,2026,1,7
019e3117-ca66-7bf2-b8af-b002b5838071,019e3117-c814-727d-a005-249f73d2233d,ENG102,Western Literature,Quiz,20.0,2026-02-16T00:00:00+00:00,2026,1,7
019e3117-ca67-7f06-aaba-eacc61c849f3,019e3117-c814-727d-a005-249f73d2233d,PSYC101,Intro to Psychology,Quiz,26.0,2026-02-16T00:00:00+00:00,2026,1,7
019e3117-ca68-739d-8ec5-3ac4be2fbcb1,019e3117-c815-7a85-a8e1-e59e88f6c338,CS101,Programming Fundamentals,Quiz,86.0,2026-02-16T00:00:00+00:00,2026,1,7
019e3117-ca69-753a-a8e9-a997b7d247bf,019e3117-c815-7a85-a8e1-e59e88f6c338,MATH201,Advanced Calculus,Quiz,85.0,2026-02-16T00:00:00+00:00,2026,1,7
019e3117-ca6a-7967-8972-e507f8817af8,019e3117-c815-7a85-a8e1-e59e88f6c338,ENG102,Western Literature,Quiz,81.0,2026-02-16T00:00:00+00:00,2026,1,7
019e3117-ca6b-7d25-8e15-ee828488a623,019e3117-c815-7a85-a8e1-e59e88f6c338,PSYC101,Intro to Psychology,Quiz,86.0,2026-02-16T00:00:00+00:00,2026,1,7
019e3117-ca6c-7300-9466-2894ef9d9dc4,019e3117-c816-7dfa-9576-f6fbe6bee293,CS101,Programming Fundamentals,Quiz,88.0,2026-02-16T00:00:00+00:00,2026,1,7
019e3117-ca6d-7d7e-9d94-264402859c55,019e3117-c816-7dfa-9576-f6fbe6bee293,MATH201,Advanced Calculus,Quiz,90.0,2026-02-16T00:00:00+00:00,2026,1,7
019e3117-ca6e-7218-a733-a8711919893e,019e3117-c816-7dfa-9576-f6fbe6bee293,ENG102,Western Literature,Quiz,89.0,2026-02-16T00:00:00+00:00,2026,1,7
019e3117-ca6f-7256-8682-3fe8ef762a79,019e3117-c816-7dfa-9576-f6fbe6bee293,PSYC101,Intro to Psychology,Quiz,94.0,2026-02-16T00:00:00+00:00,2026,1,7
019e3117-ca70-7ec9-a6cd-82fe7f846956,019e3117-c817-71b3-8ac9-c2113c74166a,CS101,Programming Fundamentals,Quiz,85.0,2026-02-16T00:00:00+00:00,2026,1,7
019e3117-ca71-7085-8990-40ba9dc11673,019e3117-c817-71b3-8ac9-c2113c74166a,MATH201,Advanced Calculus,Quiz,93.0,2026-02-16T00:00:00+00:00,2026,1,7
019e3117-ca72-700d-adf2-6a944a380d42,019e3117-c817-71b3-8ac9-c2113c74166a,ENG102,Western Literature,Quiz,95.0,2026-02-16T00:00:00+00:00,2026,1,7
019e3117-ca73-7a19-9be7-7bfb4dc795ba,019e3117-c817-71b3-8ac9-c2113c74166a,PSYC101,Intro to Psychology,Quiz,81.0,2026-02-16T00:00:00+00:00,2026,1,7
019e3117-ca74-7b03-81d6-5b6d24be9119,019e3117-c818-7125-a6df-10455d013641,CS101,Programming Fundamentals,Quiz,89.0,2026-02-16T00:00:00+00:00,2026,1,7
019e3117-ca75-79a9-867a-d7c63f536cb5,019e3117-c818-7125-a6df-10455d013641,MATH201,Advanced Calculus,Quiz,81.0,2026-02-16T00:00:00+00:00,2026,1,7
019e3117-ca76-7a69-9fb7-f61901495fac,019e3117-c818-7125-a6df-10455d013641,ENG102,Western Literature,Quiz,91.0,2026-02-16T00:00:00+00:00,2026,1,7
019e3117-ca77-794d-9198-27946f20511c,019e3117-c818-7125-a6df-10455d013641,PSYC101,Intro to Psychology,Quiz,85.0,2026-02-16T00:00:00+00:00,2026,1,7
019e3117-ca78-7c07-a62c-cca3e88e2ae0,019e3117-c819-7f33-a059-8737932ea3cf,CS101,Programming Fundamentals,Quiz,95.0,2026-02-16T00:00:00+00:00,2026,1,7
019e3117-ca79-7e5d-b08c-25479d56ca0f,019e3117-c819-7f33-a059-8737932ea3cf,MATH201,Advanced Calculus,Quiz,82.0,2026-02-16T00:00:00+00:00,2026,1,7
019e3117-ca7a-7859-b78c-527914803426,019e3117-c819-7f33-a059-8737932ea3cf,ENG102,Western Literature,Quiz,85.0,2026-02-16T00:00:00+00:00,2026,1,7
019e3117-ca7b-7c00-9d9c-b84105a88ec0,019e3117-c819-7f33-a059-8737932ea3cf,PSYC101,Intro to Psychology,Quiz,93.0,2026-02-16T00:00:00+00:00,2026,1,7
019e3117-ca7c-771f-a5c5-87421d9e7edf,019e3117-c81a-7855-8f62-eaefc66c091c,CS101,Programming Fundamentals,Quiz,83.0,2026-02-16T00:00:00+00:00,2026,1,7
019e3117-ca7d-77d4-8b94-b02897355b27,019e3117-c81a-7855-8f62-eaefc66c091c,MATH201,Advanced Calculus,Quiz,87.0,2026-02-16T00:00:00+00:00,2026,1,7
019e3117-ca7e-7bbe-9665-aa65be55d6c2,019e3117-c81a-7855-8f62-eaefc66c091c,ENG102,Western Literature,Quiz,95.0,2026-02-16T00:00:00+00:00,2026,1,7
019e3117-ca7f-72cf-b5a5-1ccb5fe4eec4,019e3117-c81a-7855-8f62-eaefc66c091c,PSYC101,Intro to Psychology,Quiz,95.0,2026-02-16T00:00:00+00:00,2026,1,7
019e3117-ca80-7b81-b024-04e1969056a3,019e3117-c81b-7575-9c54-0b97b984a42a,CS101,Programming Fundamentals,Quiz,91.0,2026-02-16T00:00:00+00:00,2026,1,7
019e3117-ca81-709c-9261-b4241cfc3a47,019e3117-c81b-7575-9c54-0b97b984a42a,MATH201,Advanced Calculus,Quiz,86.0,2026-02-16T00:00:00+00:00,2026,1,7
019e3117-ca82-78d7-8a55-3217cf026722,019e3117-c81b-7575-9c54-0b97b984a42a,ENG102,Western Literature,Quiz,85.0,2026-02-16T00:00:00+00:00,2026,1,7
019e3117-ca83-792e-804f-d225739c0ada,019e3117-c81b-7575-9c54-0b97b984a42a,PSYC101,Intro to Psychology,Quiz,90.0,2026-02-16T00:00:00+00:00,2026,1,7
019e3117-ca84-78bc-a78d-f6e024d80c4b,019e3117-c81c-7451-bac3-87b48f4aac0a,CS101,Programming Fundamentals,Quiz,84.0,2026-02-16T00:00:00+00:00,2026,1,7
019e3117-ca85-731b-9ab7-777615dff8b8,019e3117-c81c-7451-bac3-87b48f4aac0a,MATH201,Advanced Calculus,Quiz,82.0,2026-02-16T00:00:00+00:00,2026,1,7
019e3117-ca86-7c4c-9e58-a8c09a955171,019e3117-c81c-7451-bac3-87b48f4aac0a,ENG102,Western Literature,Quiz,91.0,2026-02-16T00:00:00+00:00,2026,1,7
019e3117-ca87-7522-bbc5-f30bf4755d05,019e3117-c81c-7451-bac3-87b48f4aac0a,PSYC101,Intro to Psychology,Quiz,80.0,2026-02-16T00:00:00+00:00,2026,1,7
019e3117-ca88-7d39-aaeb-1ed30b5dc211,019e3117-c81d-7898-8809-79a2513cb17d,CS101,Programming Fundamentals,Quiz,85.0,2026-02-16T00:00:00+00:00,2026,1,7
019e3117-ca89-7a4e-a85b-346c4f34f6d1,019e3117-c81d-7898-8809-79a2513cb17d,MATH201,Advanced Calculus,Quiz,85.0,2026-02-16T00:00:00+00:00,2026,1,7
019e3117-ca8a-7829-82b4-fbd92e7c27cd,019e3117-c81d-7898-8809-79a2513cb17d,ENG102,Western Literature,Quiz,84.0,2026-02-16T00:00:00+00:00,2026,1,7
019e3117-ca8b-7d0f-889c-561a58c00f8d,019e3117-c81d-7898-8809-79a2513cb17d,PSYC101,Intro to Psychology,Quiz,83.0,2026-02-16T00:00:00+00:00,2026,1,7
019e3117-ca8c-71d6-afb6-89e1683ca758,019e3117-c81e-716d-9a07-0b3abcfe6fdc,CS101,Programming Fundamentals,Quiz,81.0,2026-02-16T00:00:00+00:00,2026,1,7
019e3117-ca8d-761f-966e-fec2861e747a,019e3117-c81e-716d-9a07-0b3abcfe6fdc,MATH201,Advanced Calculus,Quiz,85.0,2026-02-16T00:00:00+00:00,2026,1,7
019e3117-ca8e-74dc-9631-fd4977a44b26,019e3117-c81e-716d-9a07-0b3abcfe6fdc,ENG102,Western Literature,Quiz,93.0,2026-02-16T00:00:00+00:00,2026,1,7
019e3117-ca8f-7079-92ca-fb7149e6c811,019e3117-c81e-716d-9a07-0b3abcfe6fdc,PSYC101,Intro to Psychology,Quiz,83.0,2026-02-16T00:00:00+00:00,2026,1,7
019e3117-ca90-790f-b9c3-ece4e52a2200,019e3117-c81f-7f1e-bc71-793c45145e68,CS101,Programming Fundamentals,Quiz,84.0,2026-02-16T00:00:00+00:00,2026,1,7
019e3117-ca91-7ed4-94d8-773ebfc08be6,019e3117-c81f-7f1e-bc71-793c45145e68,MATH201,Advanced Calculus,Quiz,91.0,2026-02-16T00:00:00+00:00,2026,1,7
019e3117-ca92-74eb-83e2-e7bdcf6bd109,019e3117-c81f-7f1e-bc71-793c45145e68,ENG102,Western Literature,Quiz,81.0,2026-02-16T00:00:00+00:00,2026,1,7
019e3117-ca93-7198-bdd3-e985322c13cf,019e3117-c81f-7f1e-bc71-793c45145e68,PSYC101,Intro to Psychology,Quiz,94.0,2026-02-16T00:00:00+00:00,2026,1,7
019e3117-ca94-71c3-ac9f-4bf97a50a926,019e3117-c820-7fdd-a43d-66cec16fe012,CS101,Programming Fundamentals,Quiz,82.0,2026-02-16T00:00:00+00:00,2026,1,7
019e3117-ca95-78be-b539-749fc393306f,019e3117-c820-7fdd-a43d-66cec16fe012,MATH201,Advanced Calculus,Quiz,86.0,2026-02-16T00:00:00+00:00,2026,1,7
019e3117-ca96-7afa-afe4-e96b3c652169,019e3117-c820-7fdd-a43d-66cec16fe012,ENG102,Western Literature,Quiz,82.0,2026-02-16T00:00:00+00:00,2026,1,7
019e3117-ca97-76b8-905b-c18c37344967,019e3117-c820-7fdd-a43d-66cec16fe012,PSYC101,Intro to Psychology,Quiz,95.0,2026-02-16T00:00:00+00:00,2026,1,7
019e3117-ca98-7ab5-a286-08df299ba175,019e3117-c821-7b33-b4b8-7a5ccf8d093e,CS101,Programming Fundamentals,Quiz,90.0,2026-02-16T00:00:00+00:00,2026,1,7
019e3117-ca99-7c69-9b54-922cca4f31c5,019e3117-c821-7b33-b4b8-7a5ccf8d093e,MATH201,Advanced Calculus,Quiz,90.0,2026-02-16T00:00:00+00:00,2026,1,7
019e3117-ca9a-745d-82f2-f9570de54d53,019e3117-c821-7b33-b4b8-7a5ccf8d093e,ENG102,Western Literature,Quiz,86.0,2026-02-16T00:00:00+00:00,2026,1,7
019e3117-ca9b-7101-a644-ac32a2544d09,019e3117-c821-7b33-b4b8-7a5ccf8d093e,PSYC101,Intro to Psychology,Quiz,91.0,2026-02-16T00:00:00+00:00,2026,1,7
019e3117-ca9c-703d-aeaa-e15a28c15961,019e3117-c822-7bb4-9ba0-e6567ea83f62,CS101,Programming Fundamentals,Quiz,84.0,2026-02-16T00:00:00+00:00,2026,1,7
019e3117-ca9d-7984-b9aa-307be69452ab,019e3117-c822-7bb4-9ba0-e6567ea83f62,MATH201,Advanced Calculus,Quiz,86.0,2026-02-16T00:00:00+00:00,2026,1,7
019e3117-ca9e-7f09-9b30-bf5621c0a56e,019e3117-c822-7bb4-9ba0-e6567ea83f62,ENG102,Western Literature,Quiz,90.0,2026-02-16T00:00:00+00:00,2026,1,7
019e3117-ca9f-786d-9c32-51f5dfd6fc7d,019e3117-c822-7bb4-9ba0-e6567ea83f62,PSYC101,Intro to Psychology,Quiz,87.0,2026-02-16T00:00:00+00:00,2026,1,7
019e3117-caa0-70e5-9358-bd1c206b5f00,019e3117-c823-7191-b8b7-cd7e165da241,CS101,Programming Fundamentals,Quiz,95.0,2026-02-16T00:00:00+00:00,2026,1,7
019e3117-caa1-75a1-b86e-d179c3f44814,019e3117-c823-7191-b8b7-cd7e165da241,MATH201,Advanced Calculus,Quiz,80.0,2026-02-16T00:00:00+00:00,2026,1,7
019e3117-caa2-789c-ae03-e12c57446751,019e3117-c823-7191-b8b7-cd7e165da241,ENG102,Western Literature,Quiz,92.0,2026-02-16T00:00:00+00:00,2026,1,7
019e3117-caa3-7799-b0a7-c595a33621f6,019e3117-c823-7191-b8b7-cd7e165da241,PSYC101,Intro to Psychology,Quiz,95.0,2026-02-16T00:00:00+00:00,2026,1,7
019e3117-caa4-7501-aa39-275c7a755087,019e3117-c810-7ff8-9cb7-24213d45cfa7,CS101,Programming Fundamentals,Quiz,16.0,2026-02-23T00:00:00+00:00,2026,1,8
019e3117-caa5-7f26-9ac0-3ae2ce40692e,019e3117-c810-7ff8-9cb7-24213d45cfa7,MATH201,Advanced Calculus,Quiz,93.0,2026-02-23T00:00:00+00:00,2026,1,8
019e3117-caa6-7b47-963b-f8371c75adb6,019e3117-c810-7ff8-9cb7-24213d45cfa7,ENG102,Western Literature,Quiz,89.0,2026-02-23T00:00:00+00:00,2026,1,8
019e3117-caa7-7445-bd29-f0be7bf1ca96,019e3117-c810-7ff8-9cb7-24213d45cfa7,PSYC101,Intro to Psychology,Quiz,81.0,2026-02-23T00:00:00+00:00,2026,1,8
019e3117-caa8-7ae7-bbc0-5fc8081ab64f,019e3117-c811-772f-b0cc-a059f54a9405,CS101,Programming Fundamentals,Quiz,28.0,2026-02-23T00:00:00+00:00,2026,1,8
019e3117-caa9-72a6-9915-580ecef22cc8,019e3117-c811-772f-b0cc-a059f54a9405,MATH201,Advanced Calculus,Quiz,35.0,2026-02-23T00:00:00+00:00,2026,1,8
019e3117-caaa-79b8-b78d-52c3881fb847,019e3117-c811-772f-b0cc-a059f54a9405,ENG102,Western Literature,Quiz,32.0,2026-02-23T00:00:00+00:00,2026,1,8
019e3117-caab-7bf3-b16e-6c46b821785b,019e3117-c811-772f-b0cc-a059f54a9405,PSYC101,Intro to Psychology,Quiz,92.0,2026-02-23T00:00:00+00:00,2026,1,8
019e3117-caac-71d3-ba43-6b5e6b33fe72,019e3117-c812-7bbc-85df-495b0b14aad6,CS101,Programming Fundamentals,Quiz,30.0,2026-02-23T00:00:00+00:00,2026,1,8
019e3117-caad-7020-8124-474999fba43b,019e3117-c812-7bbc-85df-495b0b14aad6,MATH201,Advanced Calculus,Quiz,82.0,2026-02-23T00:00:00+00:00,2026,1,8
019e3117-caae-7f3f-aefe-a5d15bec50ba,019e3117-c812-7bbc-85df-495b0b14aad6,ENG102,Western Literature,Quiz,84.0,2026-02-23T00:00:00+00:00,2026,1,8
019e3117-caaf-7a9c-a194-2e8d90cbcadd,019e3117-c812-7bbc-85df-495b0b14aad6,PSYC101,Intro to Psychology,Quiz,29.0,2026-02-23T00:00:00+00:00,2026,1,8
019e3117-cab0-79f1-957f-1243a81e14be,019e3117-c813-7d21-b934-ad2b5dd45bb2,CS101,Programming Fundamentals,Quiz,81.0,2026-02-23T00:00:00+00:00,2026,1,8
019e3117-cab1-7175-bb56-bebac4342a28,019e3117-c813-7d21-b934-ad2b5dd45bb2,MATH201,Advanced Calculus,Quiz,23.0,2026-02-23T00:00:00+00:00,2026,1,8
019e3117-cab2-735c-8e40-91b16d7c0244,019e3117-c813-7d21-b934-ad2b5dd45bb2,ENG102,Western Literature,Quiz,82.0,2026-02-23T00:00:00+00:00,2026,1,8
019e3117-cab3-798a-b6ad-178479093e44,019e3117-c813-7d21-b934-ad2b5dd45bb2,PSYC101,Intro to Psychology,Quiz,92.0,2026-02-23T00:00:00+00:00,2026,1,8
019e3117-cab4-753c-8301-ad0cbed9b0ba,019e3117-c814-727d-a005-249f73d2233d,CS101,Programming Fundamentals,Quiz,25.0,2026-02-23T00:00:00+00:00,2026,1,8
019e3117-cab5-738f-9c0c-0eef8c982e48,019e3117-c814-727d-a005-249f73d2233d,MATH201,Advanced Calculus,Quiz,18.0,2026-02-23T00:00:00+00:00,2026,1,8
019e3117-cab6-7dfb-a2ae-7abe720b9c80,019e3117-c814-727d-a005-249f73d2233d,ENG102,Western Literature,Quiz,15.0,2026-02-23T00:00:00+00:00,2026,1,8
019e3117-cab7-7b78-9f18-a983da4373ba,019e3117-c814-727d-a005-249f73d2233d,PSYC101,Intro to Psychology,Quiz,23.0,2026-02-23T00:00:00+00:00,2026,1,8
019e3117-cab8-74e1-b428-c49d3eda6824,019e3117-c815-7a85-a8e1-e59e88f6c338,CS101,Programming Fundamentals,Quiz,87.0,2026-02-23T00:00:00+00:00,2026,1,8
019e3117-cab9-7ae5-8f3a-ee1227d599cd,019e3117-c815-7a85-a8e1-e59e88f6c338,MATH201,Advanced Calculus,Quiz,80.0,2026-02-23T00:00:00+00:00,2026,1,8
019e3117-caba-7bb3-8919-36675ad1cdf0,019e3117-c815-7a85-a8e1-e59e88f6c338,ENG102,Western Literature,Quiz,89.0,2026-02-23T00:00:00+00:00,2026,1,8
019e3117-cabb-7d22-9e57-3d6fad064726,019e3117-c815-7a85-a8e1-e59e88f6c338,PSYC101,Intro to Psychology,Quiz,86.0,2026-02-23T00:00:00+00:00,2026,1,8
019e3117-cabc-70e1-b631-094131ab04bc,019e3117-c816-7dfa-9576-f6fbe6bee293,CS101,Programming Fundamentals,Quiz,88.0,2026-02-23T00:00:00+00:00,2026,1,8
019e3117-cabd-7f5b-afdc-fea29b2660f0,019e3117-c816-7dfa-9576-f6fbe6bee293,MATH201,Advanced Calculus,Quiz,91.0,2026-02-23T00:00:00+00:00,2026,1,8
019e3117-cabe-7a29-9e05-15aea48f0470,019e3117-c816-7dfa-9576-f6fbe6bee293,ENG102,Western Literature,Quiz,83.0,2026-02-23T00:00:00+00:00,2026,1,8
019e3117-cabf-7c67-95e4-6f6012557ba3,019e3117-c816-7dfa-9576-f6fbe6bee293,PSYC101,Intro to Psychology,Quiz,91.0,2026-02-23T00:00:00+00:00,2026,1,8
019e3117-cac0-76c3-9461-1e97e7f5172a,019e3117-c817-71b3-8ac9-c2113c74166a,CS101,Programming Fundamentals,Quiz,90.0,2026-02-23T00:00:00+00:00,2026,1,8
019e3117-cac1-7c1e-b201-cfecfd343f1c,019e3117-c817-71b3-8ac9-c2113c74166a,MATH201,Advanced Calculus,Quiz,90.0,2026-02-23T00:00:00+00:00,2026,1,8
019e3117-cac2-7f2e-8e1f-81a610b2c688,019e3117-c817-71b3-8ac9-c2113c74166a,ENG102,Western Literature,Quiz,80.0,2026-02-23T00:00:00+00:00,2026,1,8
019e3117-cac3-7130-bf0e-7cbdd67c0f1a,019e3117-c817-71b3-8ac9-c2113c74166a,PSYC101,Intro to Psychology,Quiz,84.0,2026-02-23T00:00:00+00:00,2026,1,8
019e3117-cac4-7d39-9449-a404e7a68d89,019e3117-c818-7125-a6df-10455d013641,CS101,Programming Fundamentals,Quiz,94.0,2026-02-23T00:00:00+00:00,2026,1,8
019e3117-cac5-7072-a247-3ceff5c96951,019e3117-c818-7125-a6df-10455d013641,MATH201,Advanced Calculus,Quiz,90.0,2026-02-23T00:00:00+00:00,2026,1,8
019e3117-cac6-700b-b56b-e42f3096b6ce,019e3117-c818-7125-a6df-10455d013641,ENG102,Western Literature,Quiz,85.0,2026-02-23T00:00:00+00:00,2026,1,8
019e3117-cac7-7785-9310-f40d1d17d442,019e3117-c818-7125-a6df-10455d013641,PSYC101,Intro to Psychology,Quiz,95.0,2026-02-23T00:00:00+00:00,2026,1,8
019e3117-cac8-76b7-8dcb-b0f83437459a,019e3117-c819-7f33-a059-8737932ea3cf,CS101,Programming Fundamentals,Quiz,83.0,2026-02-23T00:00:00+00:00,2026,1,8
019e3117-cac9-73c3-b0dd-ec17c310ae39,019e3117-c819-7f33-a059-8737932ea3cf,MATH201,Advanced Calculus,Quiz,81.0,2026-02-23T00:00:00+00:00,2026,1,8
019e3117-caca-7f5d-8b51-aca1df037925,019e3117-c819-7f33-a059-8737932ea3cf,ENG102,Western Literature,Quiz,93.0,2026-02-23T00:00:00+00:00,2026,1,8
019e3117-cacb-7372-a4a9-5f0a437727ff,019e3117-c819-7f33-a059-8737932ea3cf,PSYC101,Intro to Psychology,Quiz,80.0,2026-02-23T00:00:00+00:00,2026,1,8
019e3117-cacc-7648-8ff1-9afd6f3ebf8f,019e3117-c81a-7855-8f62-eaefc66c091c,CS101,Programming Fundamentals,Quiz,81.0,2026-02-23T00:00:00+00:00,2026,1,8
019e3117-cacd-72e9-8a5f-8354331bc89d,019e3117-c81a-7855-8f62-eaefc66c091c,MATH201,Advanced Calculus,Quiz,93.0,2026-02-23T00:00:00+00:00,2026,1,8
019e3117-cace-70eb-ae92-62bd7999fdb7,019e3117-c81a-7855-8f62-eaefc66c091c,ENG102,Western Literature,Quiz,87.0,2026-02-23T00:00:00+00:00,2026,1,8
019e3117-cacf-7be1-a85e-9a80bbab1946,019e3117-c81a-7855-8f62-eaefc66c091c,PSYC101,Intro to Psychology,Quiz,88.0,2026-02-23T00:00:00+00:00,2026,1,8
019e3117-cad0-7bcf-acfc-9b1e6eea50a3,019e3117-c81b-7575-9c54-0b97b984a42a,CS101,Programming Fundamentals,Quiz,80.0,2026-02-23T00:00:00+00:00,2026,1,8
019e3117-cad1-7b51-8d82-d53d86aa0191,019e3117-c81b-7575-9c54-0b97b984a42a,MATH201,Advanced Calculus,Quiz,91.0,2026-02-23T00:00:00+00:00,2026,1,8
019e3117-cad2-7b52-ac06-0142ca282ee2,019e3117-c81b-7575-9c54-0b97b984a42a,ENG102,Western Literature,Quiz,91.0,2026-02-23T00:00:00+00:00,2026,1,8
019e3117-cad3-7db1-bf0d-d17a731f70c0,019e3117-c81b-7575-9c54-0b97b984a42a,PSYC101,Intro to Psychology,Quiz,91.0,2026-02-23T00:00:00+00:00,2026,1,8
019e3117-cad4-7e89-acd3-fd6e388a62b2,019e3117-c81c-7451-bac3-87b48f4aac0a,CS101,Programming Fundamentals,Quiz,92.0,2026-02-23T00:00:00+00:00,2026,1,8
019e3117-cad5-7640-99e3-dcb9b4104a36,019e3117-c81c-7451-bac3-87b48f4aac0a,MATH201,Advanced Calculus,Quiz,83.0,2026-02-23T00:00:00+00:00,2026,1,8
019e3117-cad6-7145-a1a4-64206a9c7f3a,019e3117-c81c-7451-bac3-87b48f4aac0a,ENG102,Western Literature,Quiz,82.0,2026-02-23T00:00:00+00:00,2026,1,8
019e3117-cad7-70b9-a90c-0e41201a78f4,019e3117-c81c-7451-bac3-87b48f4aac0a,PSYC101,Intro to Psychology,Quiz,94.0,2026-02-23T00:00:00+00:00,2026,1,8
019e3117-cad8-7078-bfa1-a11eb0c88085,019e3117-c81d-7898-8809-79a2513cb17d,CS101,Programming Fundamentals,Quiz,91.0,2026-02-23T00:00:00+00:00,2026,1,8
019e3117-cad9-7fca-8e51-737ac5c2f94f,019e3117-c81d-7898-8809-79a2513cb17d,MATH201,Advanced Calculus,Quiz,84.0,2026-02-23T00:00:00+00:00,2026,1,8
019e3117-cada-7f7f-9b8e-d71a3571a5ab,019e3117-c81d-7898-8809-79a2513cb17d,ENG102,Western Literature,Quiz,91.0,2026-02-23T00:00:00+00:00,2026,1,8
019e3117-cadb-70da-bf3e-2d40a3aa088e,019e3117-c81d-7898-8809-79a2513cb17d,PSYC101,Intro to Psychology,Quiz,83.0,2026-02-23T00:00:00+00:00,2026,1,8
019e3117-cadc-78ce-9949-781cf6794730,019e3117-c81e-716d-9a07-0b3abcfe6fdc,CS101,Programming Fundamentals,Quiz,88.0,2026-02-23T00:00:00+00:00,2026,1,8
019e3117-cadd-70ca-b7c5-66d2f268f0cb,019e3117-c81e-716d-9a07-0b3abcfe6fdc,MATH201,Advanced Calculus,Quiz,93.0,2026-02-23T00:00:00+00:00,2026,1,8
019e3117-cade-72c1-9a6d-2017af4088b9,019e3117-c81e-716d-9a07-0b3abcfe6fdc,ENG102,Western Literature,Quiz,91.0,2026-02-23T00:00:00+00:00,2026,1,8
019e3117-cadf-7c56-b616-3d8d1dca7357,019e3117-c81e-716d-9a07-0b3abcfe6fdc,PSYC101,Intro to Psychology,Quiz,94.0,2026-02-23T00:00:00+00:00,2026,1,8
019e3117-cae0-7a31-a857-d5f8a19c1b59,019e3117-c81f-7f1e-bc71-793c45145e68,CS101,Programming Fundamentals,Quiz,83.0,2026-02-23T00:00:00+00:00,2026,1,8
019e3117-cae1-7093-9790-855da247e1df,019e3117-c81f-7f1e-bc71-793c45145e68,MATH201,Advanced Calculus,Quiz,93.0,2026-02-23T00:00:00+00:00,2026,1,8
019e3117-cae2-7c19-8691-0e43d6bc54d9,019e3117-c81f-7f1e-bc71-793c45145e68,ENG102,Western Literature,Quiz,85.0,2026-02-23T00:00:00+00:00,2026,1,8
019e3117-cae3-7d15-aa1b-fea76c9324c4,019e3117-c81f-7f1e-bc71-793c45145e68,PSYC101,Intro to Psychology,Quiz,88.0,2026-02-23T00:00:00+00:00,2026,1,8
019e3117-cae4-7fb6-9326-d55db15fb4e3,019e3117-c820-7fdd-a43d-66cec16fe012,CS101,Programming Fundamentals,Quiz,88.0,2026-02-23T00:00:00+00:00,2026,1,8
019e3117-cae5-794a-87e1-c31ec86ac14a,019e3117-c820-7fdd-a43d-66cec16fe012,MATH201,Advanced Calculus,Quiz,93.0,2026-02-23T00:00:00+00:00,2026,1,8
019e3117-cae6-78cc-a622-0771ce8e90a9,019e3117-c820-7fdd-a43d-66cec16fe012,ENG102,Western Literature,Quiz,85.0,2026-02-23T00:00:00+00:00,2026,1,8
019e3117-cae7-7a71-b07d-2b53c18066af,019e3117-c820-7fdd-a43d-66cec16fe012,PSYC101,Intro to Psychology,Quiz,85.0,2026-02-23T00:00:00+00:00,2026,1,8
019e3117-cae8-7959-bb9d-02b36d6c4b13,019e3117-c821-7b33-b4b8-7a5ccf8d093e,CS101,Programming Fundamentals,Quiz,86.0,2026-02-23T00:00:00+00:00,2026,1,8
019e3117-cae9-7b0a-a87f-cdf138d5166d,019e3117-c821-7b33-b4b8-7a5ccf8d093e,MATH201,Advanced Calculus,Quiz,94.0,2026-02-23T00:00:00+00:00,2026,1,8
019e3117-caea-781a-9079-ca05bcbf07c3,019e3117-c821-7b33-b4b8-7a5ccf8d093e,ENG102,Western Literature,Quiz,91.0,2026-02-23T00:00:00+00:00,2026,1,8
019e3117-caeb-7826-a0e2-0057e31b1502,019e3117-c821-7b33-b4b8-7a5ccf8d093e,PSYC101,Intro to Psychology,Quiz,80.0,2026-02-23T00:00:00+00:00,2026,1,8
019e3117-caec-7ded-9562-ff2bce702bb2,019e3117-c822-7bb4-9ba0-e6567ea83f62,CS101,Programming Fundamentals,Quiz,82.0,2026-02-23T00:00:00+00:00,2026,1,8
019e3117-caed-7b70-af52-558563b5414a,019e3117-c822-7bb4-9ba0-e6567ea83f62,MATH201,Advanced Calculus,Quiz,95.0,2026-02-23T00:00:00+00:00,2026,1,8
019e3117-caee-7ebe-a34b-0954992e60d6,019e3117-c822-7bb4-9ba0-e6567ea83f62,ENG102,Western Literature,Quiz,85.0,2026-02-23T00:00:00+00:00,2026,1,8
019e3117-caef-7fa8-8cd9-1cf5b696619d,019e3117-c822-7bb4-9ba0-e6567ea83f62,PSYC101,Intro to Psychology,Quiz,85.0,2026-02-23T00:00:00+00:00,2026,1,8
019e3117-caf0-7201-ad8f-7b502bf014fb,019e3117-c823-7191-b8b7-cd7e165da241,CS101,Programming Fundamentals,Quiz,82.0,2026-02-23T00:00:00+00:00,2026,1,8
019e3117-caf1-76b1-aa67-71dc6e4b24ea,019e3117-c823-7191-b8b7-cd7e165da241,MATH201,Advanced Calculus,Quiz,89.0,2026-02-23T00:00:00+00:00,2026,1,8
019e3117-caf2-79de-ac3e-eccfb82624e8,019e3117-c823-7191-b8b7-cd7e165da241,ENG102,Western Literature,Quiz,85.0,2026-02-23T00:00:00+00:00,2026,1,8
019e3117-caf3-7da9-83a4-a5cd066bcaa7,019e3117-c823-7191-b8b7-cd7e165da241,PSYC101,Intro to Psychology,Quiz,80.0,2026-02-23T00:00:00+00:00,2026,1,8
